CREATE TABLE ARTISTS 
    (ARTISTSTID           	NUMERIC(10) NOT NULL,
     ANAME              	VARCHAR(20),
	 SORIGIN				VARCHAR(30),
	 BORN					NUMERIC(10),
     ACTIVESINCE			NUMERIC(10), 
  CONSTRAINT DES_PRIMARY_KEY PRIMARY KEY (ARTISTSTID));

INSERT INTO ARTISTS VALUES(10, 	'Ingmar Bergman', 	'Sweden', 	1918, 	1946);
INSERT INTO ARTISTS VALUES(11, 	'Darren Aronofsky',	'Usa', 		1969, 	1991);
INSERT INTO ARTISTS VALUES(12, 	'Szomjas György', 	'Hungary',	1940, 	1965);
INSERT INTO ARTISTS VALUES(13, 	'Ridley Scott',	 	'England', 	1937, 	1965);
INSERT INTO ARTISTS VALUES(14,	'Jason Reitman',	'Canada', 	1977,	1998);

CREATE TABLE PRODUCTS 
    (BARCODE				NUMERIC(10) NOT NULL,
     TITLE					VARCHAR(20),
     GENRE					VARCHAR(20),
	 ARTISTSTID				NUMERIC(10) NOT NULL,
	 PLAYTIME				NUMERIC(10),
	 AGERES                 NUMERIC(10),

  CONSTRAINT PRODUCTS_PRIMARY_KEY PRIMARY KEY (BARCODE),
  CONSTRAINT PRODUCTS_FOREIGN_KEY FOREIGN KEY (ARTISTSTID) REFERENCES ARTISTS (ARTISTSTID));

INSERT INTO PRODUCTS VALUES (20,	'Seventh Seal',				'Drama', 	10, 	96, 	12);
INSERT INTO PRODUCTS VALUES (21,	'Requiuem for a Dream',		'Drama', 	11, 	102, 	16);
INSERT INTO PRODUCTS VALUES (22,	'NOAH',						'Drama', 	11, 	138, 	12);
INSERT INTO PRODUCTS VALUES (23,	'RoncsFilm',				'Drama', 	12, 	99, 	12);
INSERT INTO PRODUCTS VALUES (24,	'Juno',						'Drama', 	13, 	96, 	12);
INSERT INTO PRODUCTS VALUES (25,	'Blade Runner',				'Sci-Fi',	14, 	117, 	12);
INSERT INTO PRODUCTS VALUES (26,	'Blade Runner TV',			'Sci-Fi',	14, 	125, 	12);

CREATE TABLE CUSTOMERS
    (CUSTOMERID				NUMERIC(10) NOT NULL,
     FIRSTNAME				VARCHAR(20),
     LASTNAME				VARCHAR(20),
     ADRESS                 VARCHAR(20),
     PHONE					VARCHAR(20),
     AGE					NUMERIC(10),
  CONSTRAINT CUSTOMERS_PRIMARY_KEY PRIMARY KEY (CUSTOMERID));

INSERT INTO CUSTOMERS VALUES (30,	'Abetus',	'Aladar',	'1001 Otthon utca 1',	'0620-284-3900',	12);
INSERT INTO CUSTOMERS VALUES (31,	'Bbetus',	'Bela',		'1001 Otthon utca 2',	'0620-284-3901',	16);
INSERT INTO CUSTOMERS VALUES (32,	'Cbetus',	'Cecil',	'1001 Otthon utca 3',	'0620-284-3902',	18);
INSERT INTO CUSTOMERS VALUES (33,	'Dbetus',	'David',	'1001 Otthon utca 4',	'0620-284-3903',	12);
INSERT INTO CUSTOMERS VALUES (34,	'Ebetus',	'Elemer',	'1001 Otthon utca 5',	'0620-284-3904',	16);
INSERT INTO CUSTOMERS VALUES (35,	'Fbetus',	'Ferenc',	'1001 Otthon utca 6',	'0620-284-3905',	18);

CREATE TABLE ORDERS 
    (ORDERID						NUMERIC(2) NOT NULL,
	 CUSTOMERID						NUMERIC(10) NOT NULL,
	 BARCODE						NUMERIC(10) NOT NULL,
     ORDERDATE						DATETIME,
	 TOTALAMOUNT					NUMERIC(10),
  CONSTRAINT ORDERS_PRIMARY_KEY PRIMARY KEY (ORDERID),
  CONSTRAINT ORDERS_FOREIGN_KEY_KEY_CUS FOREIGN KEY (CUSTOMERID) REFERENCES CUSTOMERS (CUSTOMERID),
  CONSTRAINT ORDERS_FOREIGN_KEY_PROD FOREIGN KEY (BARCODE) REFERENCES PRODUCTS (BARCODE));
  
  INSERT INTO ORDERS VALUES(40,	30,	20,	'01-APR-2019',	1);
  INSERT INTO ORDERS VALUES(41, 31, 21, '02-APR-2019',	1);
  INSERT INTO ORDERS VALUES(42, 32, 22, '03-APR-2019', 	1);
  INSERT INTO ORDERS VALUES(43, 33, 23, '04-APR-2019', 	1);
  INSERT INTO ORDERS VALUES(44, 34, 24, '05-APR-2019', 	1);
  INSERT INTO ORDERS VALUES(45, 35, 25, '06-APR-2019', 	1);
  INSERT INTO ORDERS VALUES(46, 35, 26, '07-APR-2019', 	1);